CREATE DATABASE  IF NOT EXISTS `rockola` /*!40100 DEFAULT CHARACTER SET utf8mb4 COLLATE utf8mb4_0900_ai_ci */ /*!80016 DEFAULT ENCRYPTION='N' */;
USE `rockola`;
-- MySQL dump 10.13  Distrib 8.0.22, for Win64 (x86_64)
--
-- Host: 127.0.0.1    Database: rockola
-- ------------------------------------------------------
-- Server version	8.0.23

/*!40101 SET @OLD_CHARACTER_SET_CLIENT=@@CHARACTER_SET_CLIENT */;
/*!40101 SET @OLD_CHARACTER_SET_RESULTS=@@CHARACTER_SET_RESULTS */;
/*!40101 SET @OLD_COLLATION_CONNECTION=@@COLLATION_CONNECTION */;
/*!50503 SET NAMES utf8 */;
/*!40103 SET @OLD_TIME_ZONE=@@TIME_ZONE */;
/*!40103 SET TIME_ZONE='+00:00' */;
/*!40014 SET @OLD_UNIQUE_CHECKS=@@UNIQUE_CHECKS, UNIQUE_CHECKS=0 */;
/*!40014 SET @OLD_FOREIGN_KEY_CHECKS=@@FOREIGN_KEY_CHECKS, FOREIGN_KEY_CHECKS=0 */;
/*!40101 SET @OLD_SQL_MODE=@@SQL_MODE, SQL_MODE='NO_AUTO_VALUE_ON_ZERO' */;
/*!40111 SET @OLD_SQL_NOTES=@@SQL_NOTES, SQL_NOTES=0 */;

--
-- Table structure for table `cancion`
--

DROP TABLE IF EXISTS `cancion`;
/*!40101 SET @saved_cs_client     = @@character_set_client */;
/*!50503 SET character_set_client = utf8mb4 */;
CREATE TABLE `cancion` (
  `nombre` varchar(50) NOT NULL,
  `autor` varchar(50) DEFAULT NULL,
  `categoria` varchar(30) DEFAULT NULL,
  `año` int DEFAULT NULL,
  `disco` varchar(50) DEFAULT NULL,
  `ruta` varchar(200) DEFAULT NULL,
  PRIMARY KEY (`nombre`),
  UNIQUE KEY `ruta_UNIQUE` (`ruta`)
) ENGINE=InnoDB DEFAULT CHARSET=utf8mb4 COLLATE=utf8mb4_0900_ai_ci;
/*!40101 SET character_set_client = @saved_cs_client */;

--
-- Dumping data for table `cancion`
--

LOCK TABLES `cancion` WRITE;
/*!40000 ALTER TABLE `cancion` DISABLE KEYS */;
INSERT INTO `cancion` VALUES ('(you drive me) crazy','Britney Spears','AÑOS90',1999,'...Baby One More Time','./sonidos/AÑOS90/crazy.wav'),('a contracorriente','El Canto del Loco','AÑOS2000',2002,'A Contracorriente','./sonidos/AÑOS2000/contracorriente.wav'),('a little respect','Erasure','AÑOS80',1988,'The Innocents','./sonidos/AÑOS80/erasure.wav'),('a quien le importa','Alaska y Dinarama','AÑOS80',1986,'No es Pecado','./sonidos/AÑOS80/alaska.wav'),('africa','Toto','AÑOS80',1982,'Toto IV','./sonidos/AÑOS80/africa.wav'),('alegria de vivir',NULL,'ACTUALIDAD',NULL,NULL,'./sonidos/ACTUALIDAD/alegria.wav'),('all the things she said','TATU','AÑOS2000',NULL,NULL,'./sonidos/AÑOS2000/tatu.wav'),('bad guy','Billie Eilish','ACTUALIDAD',2019,'When We All Fall Asleep, Where Do We Go?','./sonidos/ACTUALIDAD/billie.wav'),('basket case','Green Day','AÑOS90',1994,'Dookie','./sonidos/AÑOS90/basket.wav'),('beat it','Michael Jackson','AÑOS80',1982,'Thriller','./sonidos/AÑOS80/beat.wav'),('besame en la boca','Lorca','AÑOS2000',2001,'Lorca','./sonidos/AÑOS2000/lorca.wav'),('billie jean','Michael Jackson','AÑOS80',1982,'Thriller','./sonidos/AÑOS80/bjean.wav'),('bring me to life','Evanescence','AÑOS2000',2003,'Fallen','./sonidos/AÑOS2000/bring.wav'),('casi humanos',NULL,NULL,NULL,NULL,'./sonidos/ACTUALIDAD/humanos.wav'),('cherry lips','Garbage','AÑOS2000',2001,'Beautiful Garbage','./sonidos/AÑOS2000/garbage.wav'),('chiquilla','Seguridad Social','AÑOS90',1991,'¡Que no se extinga la llama !','./sonidos/AÑOS90/chiquilla.wav'),('cien gaviotas','Duncan Dhu','AÑOS80',1986,'Canciones','./sonidos/AÑOS80/gaviotas.wav'),('como camaron','Estopa','AÑOS90',1999,'Estopa','./sonidos/AÑOS90/estopa.wav'),('corazon marmol',NULL,'ACTUALIDAD',NULL,NULL,'./sonidos/ACTUALIDAD/marmol.wav'),('cuando nadie me ve','Alejandro Sanz','AÑOS2000',2000,'El alma al aire','./sonidos/AÑOS2000/sanz.wav'),('cuatro elementos','La Musicalité','AÑOS2000',2009,'cuatro elementos','./sonidos/AÑOS2000/musicalite.wav'),('dejame','Los Secretos','AÑOS80',1981,'Los Secretos','./sonidos/AÑOS80/dejame.wav'),('desatame','Mónica Naranjo','AÑOS90',1997,'Palabra de mujer','./sonidos/AÑOS90/desatame.wav'),('devuelveme a mi chica','Hombres G','AÑOS80',1985,'Hombres G','./sonidos/AÑOS80/hombresG.wav'),('dice lo que siente','Miranda','AÑOS2000',2011,'Magistral','./sonidos/AÑOS2000/miranda.wav'),('dinamita',NULL,NULL,NULL,NULL,'./sonidos/ACTUALIDAD/dinamita.wav'),('dulce locura','La oreja de Van Gogh','AÑOS2000',2006,'Guapa','./sonidos/AÑOS2000/oreja.wav'),('ella','Viceversa','AÑOS90',1992,'Un amigo de verdad','./sonidos/AÑOS90/piel.wav'),('en el 2000','Natalia Lafourcade','AÑOS2000',NULL,NULL,'./sonidos/AÑOS2000/2000.wav'),('en vela','La Fuga','AÑOS2000',2003,'Calles de papel','./sonidos/AÑOS2000/fuga.wav'),('enamorado de la moda juvenil','Radio Futura','AÑOS80',1980,'Música Moderna','./sonidos/AÑOS80/moda.wav'),('enchochado de ti',NULL,'ACTUALIDAD',NULL,NULL,'./sonidos/ACTUALIDAD/enchochado.wav'),('estoy hecho a pedacitos de ti','Antonio Orozco','AÑOS2000',2004,'El principio del comienzo','./sonidos/AÑOS2000/orozco.wav'),('every breath you take','The Police','AÑOS80',1983,'Synchronicity ','./sonidos/AÑOS80/police.wav'),('every you every me','Placebo','AÑOS90',1998,'Without You I\'m Nothing','./sonidos/AÑOS90/placebo.wav'),('fear','Sarah McLachlan','AÑOS90',1997,'Fumbling Towards Ecstasy','./sonidos/AÑOS90/fear.wav'),('fiebre',NULL,'ACTUALIDAD',NULL,NULL,'./sonidos/ACTUALIDAD/fiebre.wav'),('fiesta pagana','Mago de Oz','AÑOS2000',2000,'Finisterra','./sonidos/AÑOS2000/mago.wav'),('forever','Chvrches','ACTUALIDAD',2018,'Love is Dead','./sonidos/ACTUALIDAD/forever.wav'),('gods & monsters','Lana del Rey','AÑOS2000',2012,'Paradise','./sonidos/AÑOS2000/gods.wav'),('hawai','Maluma','ACTUALIDAD',2020,'Papi Juancho','./sonidos/ACTUALIDAD/hawai.wav'),('heart of glass','Blondie','AÑOS80',1979,' Parallel Lines','./sonidos/AÑOS80/glass.wav'),('here with me','Dido','AÑOS90',1999,'No Angel','./sonidos/AÑOS90/dido.wav'),('historias de amor','OBK','AÑOS90',1991,'Llámalo Sueño','./sonidos/AÑOS90/obk.wav'),('holding out for a hero','Bonnie Tyler','AÑOS80',1984,'Secret Dreams and Forbidden Fire','./sonidos/AÑOS80/hero.wav'),('hysteria','Muse','AÑOS2000',2003,'Absolution','./sonidos/AÑOS2000/muse.wav'),('i want to break free','Queen','AÑOS80',1984,'The Works','./sonidos/AÑOS80/queen.wav'),('i want to know what love is','Foreigner','AÑOS80',1984,'Agent Provocateur','./sonidos/AÑOS80/foreigner.wav'),('i write sins not tragedies','Panic! At the Disco','AÑOS2000',2005,'A Fever You Can\'t Sweat Out','./sonidos/AÑOS2000/tragedies.wav'),('ilarie','Xuxa','AÑOS80',1988,'Xuxa','./sonidos/AÑOS80/ilarie.wav'),('im so excited','The Pointer Sisters','AÑOS80',1982,'So Excited!','./sonidos/AÑOS80/excited.wav'),('it must have been love','Roxette','AÑOS80',1986,'Pearls of Passion','./sonidos/AÑOS80/roxette.wav'),('join me in death','HIM','AÑOS90',1999,'Razorblade Romance','./sonidos/AÑOS90/him.wav'),('just a girl','No Doubt','AÑOS90',1995,'Tragic Kingdom','./sonidos/AÑOS90/nodoubt.wav'),('just like a pill','P!nk','AÑOS2000',2001,'M!ssundaztood','./sonidos/AÑOS2000/pill.wav'),('la chica de ayer','Nacha Pop','AÑOS80',1980,'Nacha Pop','./sonidos/AÑOS80/nacha.wav'),('la cintura','','ACTUALIDAD',NULL,NULL,'./sonidos/ACTUALIDAD/cintura.wav'),('la fuerza del destino','Mecano','AÑOS80',1988,'Descanso Dominical','./sonidos/AÑOS80/destino.wav'),('la soledad','Laura Pausini','AÑOS90',1993,'Laura Pausini','./sonidos/AÑOS90/pausini.wav'),('la tirita','Lola Indigo ft. Belén Aguilera','ACTUALIDAD',NULL,NULL,'./sonidos/ACTUALIDAD/tirita.wav'),('labios rotos',NULL,'AÑOS2000',NULL,NULL,'./sonidos/AÑOS2000/zoe.wav'),('lamento boliviano','Enanitos Verdes','AÑOS2000',2018,'Huevos Revueltos','./sonidos/AÑOS2000/boliviano.wav'),('laura no esta','Nek','AÑOS90',1997,'Nek','./sonidos/AÑOS90/nek.wav'),('like a prayer','Madonna','AÑOS80',1989,'Like a Prayer','./sonidos/AÑOS80/prayer.wav'),('livin on a prayer','Jon Bon Jovi','AÑOS80',1986,'Slippery When Wet','./sonidos/AÑOS80/jovi.wav'),('mamacita',NULL,'ACTUALIDAD',NULL,NULL,'./sonidos/ACTUALIDAD/mamacita.wav'),('maniac','Michael Sembello','AÑOS80',1983,'Flashdance','./sonidos/AÑOS80/maniac.wav'),('maria','Ricky Martin','AÑOS90',1995,'A medio vivir','./sonidos/AÑOS90/ricky.wav'),('matador','Los Fabulosos Cadillacs','AÑOS80',1986,'Bares y fondas','./sonidos/AÑOS80/matador.wav'),('material girl','Madonna','AÑOS80',1984,'Like a Virgin','./sonidos/AÑOS80/madonna.wav'),('me quedare solo','Amistades Peligrosas','AÑOS90',1996,'La profecía','./sonidos/AÑOS90/amistades.wav'),('merichane','Zahara','ACTUALIDAD',2021,'Puta','./sonidos/ACTUALIDAD/merichane.wav'),('mi musica es tu voz','Operación Triunfo','AÑOS2000',2001,'Operación Triunfo','./sonidos/AÑOS2000/ot.wav'),('microdancing','Babasónicos','AÑOS2000',2008,'Mucho','./sonidos/AÑOS2000/microdancing.wav'),('mujer bruja','Lola Indigo','ACTUALIDAD',2019,'Akelarre','./sonidos/ACTUALIDAD/bruja.wav'),('night crawling','Miley Cyrus ft  Billy Idol','ACTUALIDAD',2021,'Plastic Hearts','./sonidos/ACTUALIDAD/miley.wav'),('porfa no te vayas',NULL,'ACTUALIDAD',NULL,NULL,'./sonidos/ACTUALIDAD/porfa.wav'),('que se joda todo lo demas','Alice Wonder','ACTUALIDAD',2021,'Que se joda todo lo demás','./sonidos/ACTUALIDAD/aliceWonder.wav'),('quiereme otra vez','OBK','AÑOS2000',NULL,NULL,'./sonidos/AÑOS2000/quiereme.wav'),('quit playing games (with my heart)','Backstreet Boys','AÑOS90',1996,'Backstreet Boys','./sonidos/AÑOS90/bsb.wav'),('reflection','Christina Aguilera','AÑOS90',1998,'Mulan','./sonidos/AÑOS90/reflection.wav'),('reggaeton lento ',NULL,'ACTUALIDAD',NULL,NULL,'./sonidos/ACTUALIDAD/cnco.wav'),('retorciendo palabras','Fangoria','AÑOS2000',2004,'Arquitectura efímera','./sonidos/AÑOS2000/fangoria.wav'),('salta','Tequila','AÑOS80',1981,'Confidencial','./sonidos/AÑOS80/salta.wav'),('say it once','Ultra','AÑOS90',1998,'Ultra','./sonidos/AÑOS90/ultra.wav'),('si no estas','Belén Arjona','AÑOS2000',2003,'O te mueves o caducas','./sonidos/AÑOS2000/estas.wav'),('si tu no vuelves','Miguel Bosè','AÑOS90',1993,'Bajo el signo de Caín','./sonidos/AÑOS90/bose.wav'),('si tu te vas','Paulina Rubio','AÑOS2000',NULL,NULL,'./sonidos/AÑOS2000/paulina.wav'),('siren','Tori Amos','AÑOS90',1998,'Great Expectations','./sonidos/AÑOS90/siren.wav'),('somebody that i used to know','Gotye ft Kimbra','AÑOS80',1980,'Desconocido','./sonidos/AÑOS80/somebody.wav'),('starboy','The Weeknd','ACTUALIDAD',2016,'Starboy','./sonidos/ACTUALIDAD/starboy.wav'),('sweet child o mine','Guns N\' Roses','AÑOS80',1988,'Appetite for Destruction','./sonidos/AÑOS80/guns.wav'),('take on me','A-ha','AÑOS80',1985,'Hunting High and Low','./sonidos/AÑOS80/aha.wav'),('taki taki',NULL,'ACTUALIDAD',NULL,NULL,'./sonidos/ACTUALIDAD/taki.wav'),('te comere a besos',NULL,'AÑOS2000',NULL,NULL,'./sonidos/AÑOS2000/comere.wav'),('te pertenezco','Ambra','AÑOS90',1995,'Te pertenezco','./sonidos/AÑOS90/ambra.wav'),('teen idle','Marina and The Diamonds','AÑOS2000',2012,'Electra Heart','./sonidos/AÑOS2000/teen.wav'),('the final countdown','Europe','AÑOS80',1986,'The Final Countdown','./sonidos/AÑOS80/europe.wav'),('the kill','30 Seconds to Mars','AÑOS2000',2005,'A Beautiful Lie','./sonidos/AÑOS2000/kill.wav'),('to the moon and back','Savage Garden','AÑOS90',1997,'Savage Garden','./sonidos/AÑOS90/moon.wav'),('toma mucha fruta','Bom Bom Chip','AÑOS90',1993,'No somos renacuajos','./sonidos/AÑOS90/chip.wav'),('torero','Chayanne','AÑOS2000',2002,'Grandes éxitos','./sonidos/AÑOS2000/torero.wav'),('tu me dejaste de querer','C.Tangana','ACTUALIDAD',2021,'El Madrileño','./sonidos/ACTUALIDAD/tangana.wav'),('use somebody','kings of leon','AÑOS2000',2008,'Only by the Night','./sonidos/AÑOS2000/kings.wav'),('vivimos siempre juntos','Nacho Cano','AÑOS90',1996,'El lado femenino','./sonidos/AÑOS90/cano.wav'),('wannabe','Spice Girls','AÑOS90',1996,'Spice Girls','./sonidos/AÑOS90/wannabe.wav'),('what a feeling','Irene Cara','AÑOS80',1983,'What a Feelin\'','./sonidos/AÑOS80/flashdance.wav'),('whats my age again','Blink182','AÑOS90',1999,'Enema of the State','./sonidos/AÑOS90/blink.wav'),('whore','In this Moment','AÑOS2000',2012,'Blood','./sonidos/AÑOS2000/whore.wav'),('wolves','Selena Gómez ft Marshmello','ACTUALIDAD',2017,'Wolves','./sonidos/ACTUALIDAD/wolves.wav'),('yo pienso en aquella tarde','Pereza','AÑOS2000',NULL,NULL,'./sonidos/AÑOS2000/pereza.wav'),('you are the one that i want','Olivia Newton-John ft John Travolta','AÑOS80',1978,'Grease','./sonidos/AÑOS80/grease.wav'),('you shook me all night long','ACDC','AÑOS80',1980,'Back in Black','./sonidos/AÑOS80/acdc.wav');
/*!40000 ALTER TABLE `cancion` ENABLE KEYS */;
UNLOCK TABLES;

--
-- Table structure for table `jugador`
--

DROP TABLE IF EXISTS `jugador`;
/*!40101 SET @saved_cs_client     = @@character_set_client */;
/*!50503 SET character_set_client = utf8mb4 */;
CREATE TABLE `jugador` (
  `nombre` varchar(50) NOT NULL,
  `contraseña` varchar(20) NOT NULL,
  PRIMARY KEY (`nombre`,`contraseña`)
) ENGINE=InnoDB DEFAULT CHARSET=utf8mb4 COLLATE=utf8mb4_0900_ai_ci;
/*!40101 SET character_set_client = @saved_cs_client */;

--
-- Dumping data for table `jugador`
--

LOCK TABLES `jugador` WRITE;
/*!40000 ALTER TABLE `jugador` DISABLE KEYS */;
INSERT INTO `jugador` VALUES ('ALEJANDRO','1234'),('ANTONIO','1234'),('MAURO','1234'),('NOEMI','1234'),('YOLANDA','CORDERO');
/*!40000 ALTER TABLE `jugador` ENABLE KEYS */;
UNLOCK TABLES;

--
-- Table structure for table `opciones`
--

DROP TABLE IF EXISTS `opciones`;
/*!40101 SET @saved_cs_client     = @@character_set_client */;
/*!50503 SET character_set_client = utf8mb4 */;
CREATE TABLE `opciones` (
  `nombre` varchar(50) NOT NULL,
  `nombre_cancion` varchar(50) DEFAULT NULL,
  PRIMARY KEY (`nombre`)
) ENGINE=InnoDB DEFAULT CHARSET=utf8mb4 COLLATE=utf8mb4_0900_ai_ci;
/*!40101 SET character_set_client = @saved_cs_client */;

--
-- Dumping data for table `opciones`
--

LOCK TABLES `opciones` WRITE;
/*!40000 ALTER TABLE `opciones` DISABLE KEYS */;
INSERT INTO `opciones` VALUES (' I don\'t wanna live that way','somebody that i used to know'),(' turn back time','quit playing games (with my heart)'),('(You drive me) Crazy','(you drive me) crazy'),('a contracorriente','a contracorriente'),('A little respect','a little respect'),('a pedacitos','estoy hecho a pedacitos de ti'),('a quien le importa','a quien le importa'),('a tu lado','mi musica es tu voz'),('a tu lado no dudo','mi musica es tu voz'),('a tu ventana','en vela'),('a veces me elevo','cuando nadie me ve'),('africa','africa'),('alegria de vivir','alegria de vivir'),('algo entre tu y yo','desatame'),('All night long','you shook me all night long'),('all the things she said','all the things she said'),('alma en el ruedo','torero'),('alza el puño','fiesta pagana'),('amandome','si tu te vas'),('American Idiot','basket case'),('angel','gods & monsters'),('apretados','microdancing'),('aprietame mas fuerte','desatame'),('aquel verano','porfa no te vayas'),('asia','africa'),('atacandote asi','retorciendo palabras'),('away from me','whats my age again'),('Baby','(you drive me) crazy'),('babylon','quiereme otra vez'),('Bad','bad guy'),('Bad boy','bad guy'),('Bad gay','bad guy'),('Bad guy','bad guy'),('bailame','taki taki'),('bailemos','reggaeton lento'),('bajando','la cintura'),('barraca','matador'),('Basket Case','basket case'),('beast','beat it'),('beat it','beat it'),('beautiful wedding','i write sins not tragedies'),('Beins believin\'','what a feeling'),('besame en la boca','besame en la boca'),('big surprise','just a girl'),('billie jean','billie jean'),('borracho y loco','lamento boliviano'),('bring me to life','bring me to life'),('bury me','the kill'),('cada beso','porfa no te vayas'),('call my name','bring me to life'),('Can\'t shake it','night crawling'),('Carve your name','every you every me'),('catch my love','billie jean'),('cause we are living','material girl'),('cheater','i write sins not tragedies'),('cherry lips','cherry lips'),('chiquilla','chiquilla'),('cien gaviotas','cien gaviotas'),('como camaron','como camaron'),('como te parezca','toma mucha fruta'),('con cada botón','la tirita'),('Contento de verdad','salta'),('corazón idiota','lamento boliviano'),('corazon marmol','corazon marmol'),('corriendo desde mi cama','chiquilla'),('Cuando más te quería','tu me dejaste de querer'),('cuando nadie me ve','cuando nadie me ve'),('cuatro elementos','cuatro elementos'),('Cut me off','somebody that i used to know'),('dame tiempo','besame en la boca'),('dancing forever','maniac'),('daría todo','yo pienso en aquella tarde'),('Dark side of the moon','wolves'),('decir','retorciendo palabras'),('dejame','dejame'),('Dejame decirte','hawai'),('delicate boy','cherry lips'),('dentro de mi','alegria de vivir'),('desatame','desatame'),('despegar','corazon marmol'),('devuelveme a mi chica','devuelveme a mi chica'),('dice lo que siente','dice lo que siente'),('Dime si tú','enamorado de la moda juvenil'),('dolce  vita','la tirita'),('dulce locura','dulce locura'),('el beso de su cuerpo','laura no esta'),('el infierno de tu gloria','alegria de vivir'),('el planeta','en el 2000'),('El viaje','que se joda todo lo demas'),('ella','ella'),('ella es','maria'),('ella tiene algo','mamacita'),('Empezamos mal','la fuerza del destino'),('en el 2000','en el 2000'),('en las venas','la cintura'),('en vela','en vela'),('Enamorado de la moda juvenil','enamorado de la moda juvenil'),('Enamorado de ti','enamorado de la moda juvenil'),('enchochado de ti','enchochado de ti'),('enseñame ese pasito','taki taki'),('entre los dos','historias de amor'),('entre toda la gente','dice lo que siente'),('epic song','the final countdown'),('es un placer conocerte','fiebre'),('escuchar solo tu voz','a contracorriente'),('esto es una locura','enchochado de ti'),('estoy enamorándome','dice lo que siente'),('estoy hecho a pedacitos de ti','estoy hecho a pedacitos de ti'),('europe','the final countdown'),('every breath you take','every breath you take'),('every move you make','every breath you take'),('Every you every me','every you every me'),('everything you do','say it one'),('Everytime you look me','(you drive me) crazy'),('fear','fear'),('fiebre','fiebre'),('fiesta pagana','fiesta pagana'),('finish with you','the kill'),('Flashdance','what a feeling'),('Forever','forever'),('Free','i want to break free'),('friday night','whats my age again'),('friendship never ends','wannabe'),('from the stars','quit playing games (with my heart)'),('front of me','reflection'),('fruta fresca','toma mucha fruta'),('fue el amargo abril','estoy hecho a pedacitos de ti'),('funeral of hearts','join me in death'),('genie in a bottle','reflection'),('gira a la derecha','en el 2000'),('girl','just a girl'),('go baby','cherry lips'),('God knows','i want to break free'),('gods & monsters','gods & monsters'),('good men','holding out for a hero'),('grease','you are the one that i want'),('guilty','to the moon and back'),('gusanillo de ti','enchochado de ti'),('Hablando de mí','mujer bruja'),('hace tiempo','reggaeton lento'),('Hawai','hawai'),('hay que ser','torero'),('heart of glass','heart of glass'),('heartache and pain','i want to know what love is'),('here with me','here with me'),('hero','holding out for a hero'),('historias de amor','historias de amor'),('holding out for a hero','holding out for a hero'),('Hoy me he levantado','salta'),('hoy verás','cien gaviotas'),('hysteria','hysteria'),('hysterical realm','cherry lips'),('i can be','whore'),('i can\'t breathe','here with me'),('i cant hide it','im so excited'),('i got loose','you are the one that i want'),('i hear you call my name','like a prayer'),('I kill any pain','starboy'),('i like it','im so excited'),('i losed my mind','all the things she said'),('i miss you','say it one'),('i need a hero','holding out for a hero'),('i took her out','whats my age again'),('i wanna be','teen idle'),('I want to break free','i want to break free'),('i want to feel the love','i want to know what love is'),('i want to know what love is','i want to know what love is'),('i will lose control','im so excited'),('i won\'t go','here with me'),('i would fly','to the moon and back'),('I would hate you \'til forever','forever'),('i write sins not tragedies','i write sins not tragedies'),('i\'ll be gone','take on me'),('i\'ll be there','take on me'),('i\'ll be watching you','every breath you take'),('I\'ve fallen in love','i want to break free'),('if you wanna be','wannabe'),('if you\'ll be my baby','to the moon and back'),('im so excited','im so excited'),('imposible de borrar','historias de amor'),('in between','heart of glass'),('In love with you','a little respect'),('infierno','te pertenezco'),('it must have been good','it must have been love'),('it must have been love','it must have been love'),('its over now','it must have been love'),('jamás','cuatro elementos'),('join me in death','join me in death'),('juntos','vivimos siempre juntos'),('just a girl','just a girl'),('just like a pill','just like a pill'),('know the chill','siren'),('La chica de ayer','la chica de ayer'),('la cintura','la cintura'),('La fuerza del destino','la fuerza del destino'),('la herida','si tu te vas'),('la hoguera','fiesta pagana'),('la pena','me quedare solo'),('la soledad','la soledad'),('la tirita','la tirita'),('lamento boliviano','lamento boliviano'),('land of evil','gods & monsters'),('Las calles mojadas','la chica de ayer'),('laura no esta','laura no esta'),('lengua rota','besame en la boca'),('lie to you','siren'),('life is a mistery','like a prayer'),('like a prayer','like a prayer'),('like she never did before','maniac'),('like you','use somebody'),('limita la piel','cuando nadie me ve'),('lista pa\' la rumba','mamacita'),('Livin on a prayer','livin on a prayer'),('livin\' on a prayer','like a prayer'),('llegara el otoño','si no estas'),('lo que yo diga','a quien le importa'),('lo que yo no me atrevo','retorciendo palabras'),('look in my eyes','the kill'),('Look what you\'ve done','starboy'),('lovely child','sweet child o mine'),('luego lo vi','dice lo que siente'),('lullaby','billie jean'),('Malquerer','tu me dejaste de querer'),('mamacita','mamacita'),('maniac','maniac'),('marco se ha marchado','la soledad'),('maria','maria'),('matador','matador'),('material girl','material girl'),('material world','material girl'),('Me asomo a la ventana','la chica de ayer'),('me hieres','matador'),('me quedare solo','me quedare solo'),('me traerás pena','fiebre'),('me voy solita','la tirita'),('Melodramatic fools','basket case'),('Merichane','merichane'),('mi condena','dulce locura'),('mi musica es tu voz','mi musica es tu voz'),('mi pasatiempo','besame en la boca'),('microdancing','microdancing'),('Miedo','mujer bruja'),('Moda juvenil','enamorado de la moda juvenil'),('momentos de pasión','vivimos siempre juntos'),('morning smiles','fear'),('Motherfucking','starboy'),('Mujer bruja','mujer bruja'),('my life','just a girl'),('my lover','wannabe'),('Night crawling','night crawling'),('No doubt about it','basket case'),('no esperes nada de mí','microdancing'),('no juegues más conmigo','dejame'),('no puedes decir que no','cuatro elementos'),('no sé mentir','historias de amor'),('no se que hacer','quiereme otra vez'),('no volveré','dejame'),('Nos vimos tres o cuatro veces','la fuerza del destino'),('nostalgia','yo pienso en aquella tarde'),('nothing to give','fear'),('nunca cambiaré','a quien le importa'),('on my way','use somebody'),('on the floor','maniac'),('Once upon a time not so long ago','livin on a prayer'),('One more time','(you drive me) crazy'),('out of touch','hysteria'),('Pa\' que yo vea','hawai'),('palabra de mujer','desatame'),('panic at the disco','i write sins not tragedies'),('pasa las horas','en vela'),('pedir perdón','cuatro elementos'),('pelo suelto','ella'),('pequeña','dulce locura'),('polvos pica-pica','devuelveme a mi chica'),('ponte en pie','fiesta pagana'),('por estar contigo','yo pienso en aquella tarde'),('por la mañana','chiquilla'),('porfa no te vayas','porfa no te vayas'),('pray for a thunder','sweet child o mine'),('pretty woman','it must have been love'),('promete','te pertenezco'),('promises','fear'),('Puede que no te haga falta na\'','hawai'),('que bonita','mamacita'),('Que se joda todo lo demas','que se joda todo lo demas'),('quedate','laura no esta'),('quien te ha robao\' la primavera','en vela'),('quiereme otra vez','quiereme otra vez'),('quit playing games (with my heart)','quit playing games (with my heart)'),('Quizás','que se joda todo lo demas'),('reflection','reflection'),('reggaeton lento','reggaeton lento'),('Respect','a little respect'),('resting here','here with me'),('retorciendo palabras','retorciendo palabras'),('riñas y batallas','vivimos siempre juntos'),('roto por dentro','corazon marmol'),('rumba','taki taki'),('run','just like a pill'),('running through my head','all the things she said'),('salome','torero'),('Salta','salta'),('Salta conmigo','salta'),('salvame','quiereme otra vez'),('save me','bring me to life'),('Savor the pain','forever'),('Savor the taste','forever'),('say it one','say it one'),('se fue','la soledad'),('Se te fueron las ganas','tu me dejaste de querer'),('seguro','mi musica es tu voz'),('ser o no ser','cuando nadie me ve'),('seven seconds','africa'),('Shaking','you shook me all night long'),('she\'s the one','billie jean'),('Shook me','you shook me all night long'),('show me heaven','say it one'),('Si el invierno viene frío','la fuerza del destino'),('Si no estas','si no estas'),('si te lelvo de favor','microdancing'),('si te vas','si no estas'),('si tú no estás aquí','la soledad'),('si tu no vuelves','si tu no vuelves'),('si tu te vas','si tu te vas'),('siento adentro','alegria de vivir'),('sigue tu camino','dejame'),('Sin saber salir','merichane'),('sin ti no soy nadie','porfa no te vayas'),('sin tu luna','dulce locura'),('sin tu valía','me quedare solo'),('siren','siren'),('sirena','ella'),('Sitio muy raro','que se joda todo lo demas'),('Sky falling','night crawling'),('sober','just like a pill'),('sola','si no estas'),('some boys','material girl'),('Somebody','somebody that i used to know'),('Somebody that i used to know','somebody that i used to know'),('Sometimes','night crawling'),('Starboy','starboy'),('Sucker love','every you every me'),('sueño','como camaron'),('sufre mamón','devuelveme a mi chica'),('sweet child o mine','sweet child o mine'),('sweet love of mine','sweet child o mine'),('take control','you are the one that i want'),('take me off','take on me'),('Take my hand','livin on a prayer'),('take on me','take on me'),('Take your passion','what a feeling'),('taki taki','taki taki'),('te bailo','fiebre'),('te busco','a contracorriente'),('te juro amor','te pertenezco'),('te pertenezco','te pertenezco'),('teen idle','teen idle'),('That you gimme no','a little respect'),('the answer','whore'),('the bitter end','hysteria'),('the final countdown','the final countdown'),('the fire in their eyes','beat it'),('the kill','the kill'),('this is not enough','all the things she said'),('thriller','beat it'),('Through the jungle','wolves'),('To get to you','wolves'),('to the moon and back','to the moon and back'),('todos los mares','si tu no vuelves'),('together in death','join me in death'),('toma mucha fruta','toma mucha fruta'),('tonight 4 love','join me in death'),('torero','torero'),('travel to nowhere','africa'),('tu abrazo añil','estoy hecho a pedacitos de ti'),('tu ayuda','la cintura'),('tu me dejaste de querer','tu me dejaste de querer'),('tu me rompes las entrañas','como camaron'),('tu piel morena','ella'),('tus alas','cien gaviotas'),('tus balas matan','matador'),('tus ojos no tienen dueño','como camaron'),('un beso mas','si tu te vas'),('un día cualquiera','la chica de ayer'),('un pasito pa\' lante','maria'),('un,dos,tres','maria'),('use somebody','use somebody'),('vas a morir','devuelveme a mi chica'),('vendra una estrella','si tu no vuelves'),('vete de aqui','enchochado de ti'),('vida','me quedare solo'),('vitamina c','toma mucha fruta'),('vitrina de cristal','corazon marmol'),('vivimos siempre juntos','vivimos siempre juntos'),('volver a sentir','a contracorriente'),('vuelve a mi','si tu no vuelves'),('wake me up','bring me to life'),('wannabe','wannabe'),('war','the final countdown'),('wasted years','teen idle'),('wasted youth','teen idle'),('we\'re half way there','livin on a prayer'),('what a feeling','what a feeling'),('whats my age again','whats my age again'),('when i was young','heart of glass'),('who i  am','reflection'),('whole world','use somebody'),('whore','whore'),('wolves','wolves'),('y si te como a besos','laura no esta'),('y yo estoy aquí','lamento boliviano'),('y yo la miro','chiquilla'),('ya no soy','en el 2000'),('ya no volverán','cien gaviotas'),('years ago','heart of glass'),('yo','merichane'),('yo estaba ahí','merichane'),('yo pienso en aquella tarde','yo pienso en aquella tarde'),('yo solo la mire','reggaeton lento'),('yo soy asi','a quien le importa'),('yo te aviso','mujer bruja'),('you and me','every you every me'),('you are the one that i want','you are the one that i want'),('you belong to me','every breath you take'),('you can show me','i want to know what love is'),('you could hide','hysteria'),('you got that everything','gods & monsters'),('you makin\' me ill','just like a pill'),('you shook me all night long','you shook me all night long'),('you tear us apart','quit playing games (with my heart)'),('your everything','whore'),('your own way','siren');
/*!40000 ALTER TABLE `opciones` ENABLE KEYS */;
UNLOCK TABLES;

--
-- Table structure for table `partida`
--

DROP TABLE IF EXISTS `partida`;
/*!40101 SET @saved_cs_client     = @@character_set_client */;
/*!50503 SET character_set_client = utf8mb4 */;
CREATE TABLE `partida` (
  `puntos` int DEFAULT NULL,
  `fecha` date NOT NULL,
  `nombre_jugador` varchar(50) DEFAULT NULL,
  PRIMARY KEY (`fecha`),
  KEY `nombre_jugador` (`nombre_jugador`),
  CONSTRAINT `partida_ibfk_1` FOREIGN KEY (`nombre_jugador`) REFERENCES `jugador` (`nombre`) ON DELETE CASCADE ON UPDATE CASCADE
) ENGINE=InnoDB DEFAULT CHARSET=utf8mb4 COLLATE=utf8mb4_0900_ai_ci;
/*!40101 SET character_set_client = @saved_cs_client */;

--
-- Dumping data for table `partida`
--

LOCK TABLES `partida` WRITE;
/*!40000 ALTER TABLE `partida` DISABLE KEYS */;
INSERT INTO `partida` VALUES (500,'2021-05-29','YOLANDA');
/*!40000 ALTER TABLE `partida` ENABLE KEYS */;
UNLOCK TABLES;

--
-- Dumping events for database 'rockola'
--

--
-- Dumping routines for database 'rockola'
--
/*!40103 SET TIME_ZONE=@OLD_TIME_ZONE */;

/*!40101 SET SQL_MODE=@OLD_SQL_MODE */;
/*!40014 SET FOREIGN_KEY_CHECKS=@OLD_FOREIGN_KEY_CHECKS */;
/*!40014 SET UNIQUE_CHECKS=@OLD_UNIQUE_CHECKS */;
/*!40101 SET CHARACTER_SET_CLIENT=@OLD_CHARACTER_SET_CLIENT */;
/*!40101 SET CHARACTER_SET_RESULTS=@OLD_CHARACTER_SET_RESULTS */;
/*!40101 SET COLLATION_CONNECTION=@OLD_COLLATION_CONNECTION */;
/*!40111 SET SQL_NOTES=@OLD_SQL_NOTES */;

-- Dump completed on 2021-05-29 21:00:26
